Timestamp (UTC),Timestamp (browser time),Connection Name,Message Direction,Message,Comment,Export to CSV
2026-05-29T05:39:33.037Z,05/28/2026 22:39:33.037,EachToSort1-WMSAdapter,WCS => WMS,"13674,r4,csXNU5C8scY,dz-P-PSOLVE,ES0101,SUCCESS,20260529053932.746",Diverted csXNU5C8scY to destination ES0101 (requested dest. ES0101) with status SUCCESS
2026-05-29T05:39:29.691Z,05/28/2026 22:39:29.691,ReceiveSorter1-WMSAdapter,WMS => WCS,"9999,r2,csXNU5t4tqR,00000,dz-P-PSOLVE,RC0104,2026-05-29T05:39:29.642Z","Routing notification for csXNU5t4tqR (destinations: [RC0104], profile dz-P-PSOLVE). Destination: dz-P-PSOLVE, User: aft-ia, Tool: AFTInboundDirectorService (pre-notification)"
2026-05-29T05:39:29.676Z,05/28/2026 22:39:29.676,EachToSort1-WMSAdapter,WMS => WCS,"9999,r2,csXNU5t4tqR,00000,dz-P-PSOLVE,ES0101,2026-05-29T05:39:29.622Z","Routing notification for csXNU5t4tqR (destinations: [ES0101], profile dz-P-PSOLVE). Destination: dz-P-PSOLVE, User: aft-ia, Tool: AFTInboundDirectorService (pre-notification)"
2026-05-29T05:39:26.660Z,05/28/2026 22:39:26.660,EachToSort1-WMSAdapter,WCS => WMS,"13671,r1,csXNU5C8scY,00000,dz-P-PSOLVE,None,20260529053926.657",Scanned csXNU5C8scY (request ID 00000)
2026-05-29T05:39:21.205Z,05/28/2026 22:39:21.205,ReceiveSorter1-WMSAdapter,WCS => WMS,"31615,r4,csXNU5V6fSt,dz-P-PSOLVE,RC0104,SUCCESS,20260529053920.910",Diverted csXNU5V6fSt to destination RC0104 (requested dest. RC0104) with status SUCCESS
2026-05-29T05:39:07.093Z,05/28/2026 22:39:07.093,ReceiveSorter1-WMSAdapter,WCS => WMS,"31603,r1,csXNU5V6fSt,00000,dz-P-PSOLVE,None,20260529053907.090",Scanned csXNU5V6fSt (request ID 00000)
2026-05-29T05:38:48.362Z,05/28/2026 22:38:48.362,EachToSort1-WMSAdapter,WCS => WMS,"13649,r4,csXNU5MG2zm,dz-P-PSOLVE,ES0101,SUCCESS,20260529053848.059",Diverted csXNU5MG2zm to destination ES0101 (requested dest. ES0101) with status SUCCESS
2026-05-29T05:38:44.957Z,05/28/2026 22:38:44.957,ReceiveSorter1-WMSAdapter,WMS => WCS,"9999,r2,csXNU5V6fSt,00000,dz-P-PSOLVE,RC0104,2026-05-29T05:38:44.911Z","Routing notification for csXNU5V6fSt (destinations: [RC0104], profile dz-P-PSOLVE). Destination: dz-P-PSOLVE, User: aft-ia, Tool: AFTInboundDirectorService (pre-notification)"
2026-05-29T05:38:44.944Z,05/28/2026 22:38:44.944,EachToSort1-WMSAdapter,WMS => WCS,"9999,r2,csXNU5V6fSt,00000,dz-P-PSOLVE,ES0101,2026-05-29T05:38:44.890Z","Routing notification for csXNU5V6fSt (destinations: [ES0101], profile dz-P-PSOLVE). Destination: dz-P-PSOLVE, User: aft-ia, Tool: AFTInboundDirectorService (pre-notification)"
2026-05-29T05:38:42.065Z,05/28/2026 22:38:42.065,EachToSort1-WMSAdapter,WCS => WMS,"13648,r1,csXNU5MG2zm,00000,dz-P-PSOLVE,None,20260529053842.063",Scanned csXNU5MG2zm (request ID 00000)
2026-05-29T05:38:39.357Z,05/28/2026 22:38:39.357,EachToSort1-WMSAdapter,WCS => WMS,"13644,r4,csXNU5s7hJs,dz-P-PSOLVE,ES0101,SUCCESS,20260529053839.082",Diverted csXNU5s7hJs to destination ES0101 (requested dest. ES0101) with status SUCCESS
2026-05-29T05:38:33.201Z,05/28/2026 22:38:33.201,EachToSort1-WMSAdapter,WCS => WMS,"13640,r1,csXNU5s7hJs,00000,dz-P-PSOLVE,None,20260529053833.199",Scanned csXNU5s7hJs (request ID 00000)
2026-05-29T05:38:10.196Z,05/28/2026 22:38:10.196,ReceiveSorter1-WMSAdapter,WMS => WCS,"9999,r2,csXNU5qZkxz,00000,dz-P-PSOLVE,RC0104,2026-05-29T05:38:10.147Z","Routing notification for csXNU5qZkxz (destinations: [RC0104], profile dz-P-PSOLVE). Destination: dz-P-PSOLVE, User: aft-ia, Tool: AFTInboundDirectorService (pre-notification)"
2026-05-29T05:38:10.180Z,05/28/2026 22:38:10.180,EachToSort1-WMSAdapter,WMS => WCS,"9999,r2,csXNU5qZkxz,00000,dz-P-PSOLVE,ES0101,2026-05-29T05:38:10.134Z","Routing notification for csXNU5qZkxz (destinations: [ES0101], profile dz-P-PSOLVE). Destination: dz-P-PSOLVE, User: aft-ia, Tool: AFTInboundDirectorService (pre-notification)"
2026-05-29T05:37:33.543Z,05/28/2026 22:37:33.543,ReceiveSorter1-WMSAdapter,WMS => WCS,"9999,r2,csXNU52QdSr,00000,dz-P-PSOLVE,RC0104,2026-05-29T05:37:33.497Z","Routing notification for csXNU52QdSr (destinations: [RC0104], profile dz-P-PSOLVE). Destination: dz-P-PSOLVE, User: aft-ia, Tool: AFTInboundDirectorService (pre-notification)"
2026-05-29T05:37:33.529Z,05/28/2026 22:37:33.529,EachToSort1-WMSAdapter,WMS => WCS,"9999,r2,csXNU52QdSr,00000,dz-P-PSOLVE,ES0101,2026-05-29T05:37:33.483Z","Routing notification for csXNU52QdSr (destinations: [ES0101], profile dz-P-PSOLVE). Destination: dz-P-PSOLVE, User: aft-ia, Tool: AFTInboundDirectorService (pre-notification)"
2026-05-29T05:36:42.735Z,05/28/2026 22:36:42.735,ReceiveSorter1-WMSAdapter,WCS => WMS,"31479,r4,csXNU5sQQnG,dz-P-PSOLVE,RC0104,SUCCESS,20260529053642.462",Diverted csXNU5sQQnG to destination RC0104 (requested dest. RC0104) with status SUCCESS
2026-05-29T05:36:28.554Z,05/28/2026 22:36:28.554,ReceiveSorter1-WMSAdapter,WCS => WMS,"31464,r1,csXNU5sQQnG,00000,dz-P-PSOLVE,None,20260529053628.551",Scanned csXNU5sQQnG (request ID 00000)
2026-05-29T05:36:26.778Z,05/28/2026 22:36:26.778,EachToSort1-WMSAdapter,WCS => WMS,"13605,r4,csXNU5wg1VH,dz-P-PSOLVE,ES0101,SUCCESS,20260529053626.487",Diverted csXNU5wg1VH to destination ES0101 (requested dest. ES0101) with status SUCCESS
2026-05-29T05:36:21.264Z,05/28/2026 22:36:21.264,EachToSort1-WMSAdapter,WCS => WMS,"13600,r4,csXNU5rsPXV,dz-P-PSOLVE,ES0101,SUCCESS,20260529053620.966",Diverted csXNU5rsPXV to destination ES0101 (requested dest. ES0101) with status SUCCESS
2026-05-29T05:36:20.408Z,05/28/2026 22:36:20.408,EachToSort1-WMSAdapter,WCS => WMS,"13599,r1,csXNU5wg1VH,00000,dz-P-PSOLVE,None,20260529053620.405",Scanned csXNU5wg1VH (request ID 00000)
2026-05-29T05:36:14.950Z,05/28/2026 22:36:14.950,EachToSort1-WMSAdapter,WCS => WMS,"13595,r1,csXNU5rsPXV,00000,dz-P-PSOLVE,None,20260529053614.948",Scanned csXNU5rsPXV (request ID 00000)
2026-05-29T05:35:41.839Z,05/28/2026 22:35:41.839,EachToSort1-WMSAdapter,WCS => WMS,"13574,r4,csXNU5Hy7gf,dz-P-PSOLVE,ES0101,SUCCESS,20260529053541.534",Diverted csXNU5Hy7gf to destination ES0101 (requested dest. ES0101) with status SUCCESS
2026-05-29T05:35:35.428Z,05/28/2026 22:35:35.428,EachToSort1-WMSAdapter,WCS => WMS,"13572,r1,csXNU5Hy7gf,00000,dz-P-PSOLVE,None,20260529053535.425",Scanned csXNU5Hy7gf (request ID 00000)
2026-05-29T05:34:22.436Z,05/28/2026 22:34:22.436,EachToSort1-WMSAdapter,WCS => WMS,"13529,r4,csXNU58dktQ,dz-P-PSOLVE,ES0101,SUCCESS,20260529053422.166",Diverted csXNU58dktQ to destination ES0101 (requested dest. ES0101) with status SUCCESS
2026-05-29T05:34:16.127Z,05/28/2026 22:34:16.127,EachToSort1-WMSAdapter,WCS => WMS,"13526,r1,csXNU58dktQ,00000,dz-P-PSOLVE,None,20260529053416.124",Scanned csXNU58dktQ (request ID 00000)
2026-05-29T05:32:18.044Z,05/28/2026 22:32:18.044,ReceiveSorter1-WMSAdapter,WCS => WMS,"31445,r4,csXNU5C8scY,dz-P-PSOLVE,RC0104,SUCCESS,20260529053217.764",Diverted csXNU5C8scY to destination RC0104 (requested dest. RC0104) with status SUCCESS
2026-05-29T05:32:05.936Z,05/28/2026 22:32:05.936,EachToSort1-WMSAdapter,WCS => WMS,"13459,r4,csXNU52J5vh,dz-P-PSOLVE,ES0101,SUCCESS,20260529053205.653",Diverted csXNU52J5vh to destination ES0101 (requested dest. ES0101) with status SUCCESS
2026-05-29T05:32:04.936Z,05/28/2026 22:32:04.936,ReceiveSorter1-WMSAdapter,WMS => WCS,"9999,r2,csXNU5sQQnG,00000,dz-P-PSOLVE,RC0104,2026-05-29T05:32:04.890Z","Routing notification for csXNU5sQQnG (destinations: [RC0104], profile dz-P-PSOLVE). Destination: dz-P-PSOLVE, User: aft-ia, Tool: AFTInboundDirectorService (pre-notification)"
2026-05-29T05:32:04.922Z,05/28/2026 22:32:04.922,EachToSort1-WMSAdapter,WMS => WCS,"9999,r2,csXNU5sQQnG,00000,dz-P-PSOLVE,ES0101,2026-05-29T05:32:04.873Z","Routing notification for csXNU5sQQnG (destinations: [ES0101], profile dz-P-PSOLVE). Destination: dz-P-PSOLVE, User: aft-ia, Tool: AFTInboundDirectorService (pre-notification)"
2026-05-29T05:32:03.602Z,05/28/2026 22:32:03.602,ReceiveSorter1-WMSAdapter,WCS => WMS,"31431,r1,csXNU5C8scY,00000,dz-P-PSOLVE,None,20260529053203.599",Scanned csXNU5C8scY (request ID 00000)
2026-05-29T05:31:59.680Z,05/28/2026 22:31:59.680,EachToSort1-WMSAdapter,WCS => WMS,"13454,r1,csXNU52J5vh,00000,dz-P-PSOLVE,None,20260529053159.677",Scanned csXNU52J5vh (request ID 00000)
2026-05-29T05:31:41.291Z,05/28/2026 22:31:41.291,ReceiveSorter1-WMSAdapter,WCS => WMS,"31414,r4,csXNU5MG2zm,dz-P-PSOLVE,RC0104,SUCCESS,20260529053141.008",Diverted csXNU5MG2zm to destination RC0104 (requested dest. RC0104) with status SUCCESS
2026-05-29T05:31:40.281Z,05/28/2026 22:31:40.281,ReceiveSorter1-WMSAdapter,WMS => WCS,"9999,r2,csXNU5C8scY,00000,dz-P-PSOLVE,RC0104,2026-05-29T05:31:40.233Z","Routing notification for csXNU5C8scY (destinations: [RC0104], profile dz-P-PSOLVE). Destination: dz-P-PSOLVE, User: aft-ia, Tool: AFTInboundDirectorService (pre-notification)"
2026-05-29T05:31:40.266Z,05/28/2026 22:31:40.266,EachToSort1-WMSAdapter,WMS => WCS,"9999,r2,csXNU5C8scY,00000,dz-P-PSOLVE,ES0101,2026-05-29T05:31:40.219Z","Routing notification for csXNU5C8scY (destinations: [ES0101], profile dz-P-PSOLVE). Destination: dz-P-PSOLVE, User: aft-ia, Tool: AFTInboundDirectorService (pre-notification)"
2026-05-29T05:31:31.205Z,05/28/2026 22:31:31.205,ReceiveSorter1-WMSAdapter,WCS => WMS,"31405,r4,csXNU5s7hJs,dz-P-PSOLVE,RC0104,SUCCESS,20260529053130.908",Diverted csXNU5s7hJs to destination RC0104 (requested dest. RC0104) with status SUCCESS
2026-05-29T05:31:26.985Z,05/28/2026 22:31:26.985,ReceiveSorter1-WMSAdapter,WCS => WMS,"31399,r1,csXNU5MG2zm,00000,dz-P-PSOLVE,None,20260529053126.982",Scanned csXNU5MG2zm (request ID 00000)
2026-05-29T05:31:16.978Z,05/28/2026 22:31:16.978,ReceiveSorter1-WMSAdapter,WCS => WMS,"31388,r1,csXNU5s7hJs,00000,dz-P-PSOLVE,None,20260529053116.975",Scanned csXNU5s7hJs (request ID 00000)
2026-05-29T05:30:52.879Z,05/28/2026 22:30:52.879,ReceiveSorter1-WMSAdapter,WMS => WCS,"9999,r2,csXNU5MG2zm,00000,dz-P-PSOLVE,RC0104,2026-05-29T05:30:52.834Z","Routing notification for csXNU5MG2zm (destinations: [RC0104], profile dz-P-PSOLVE). Destination: dz-P-PSOLVE, User: aft-ia, Tool: AFTInboundDirectorService (pre-notification)"
2026-05-29T05:30:52.867Z,05/28/2026 22:30:52.867,EachToSort1-WMSAdapter,WMS => WCS,"9999,r2,csXNU5MG2zm,00000,dz-P-PSOLVE,ES0101,2026-05-29T05:30:52.817Z","Routing notification for csXNU5MG2zm (destinations: [ES0101], profile dz-P-PSOLVE). Destination: dz-P-PSOLVE, User: aft-ia, Tool: AFTInboundDirectorService (pre-notification)"
2026-05-29T05:30:41.558Z,05/28/2026 22:30:41.558,ReceiveSorter1-WMSAdapter,WCS => WMS,"31363,r4,csXNU5wg1VH,dz-P-PSOLVE,RC0104,SUCCESS,20260529053041.278",Diverted csXNU5wg1VH to destination RC0104 (requested dest. RC0104) with status SUCCESS
2026-05-29T05:30:39.868Z,05/28/2026 22:30:39.868,ReceiveSorter1-WMSAdapter,WMS => WCS,"9999,r2,csXNU5s7hJs,00000,dz-P-PSOLVE,RC0104,2026-05-29T05:30:39.821Z","Routing notification for csXNU5s7hJs (destinations: [RC0104], profile dz-P-PSOLVE). Destination: dz-P-PSOLVE, User: aft-ia, Tool: AFTInboundDirectorService (pre-notification)"
2026-05-29T05:30:39.853Z,05/28/2026 22:30:39.853,EachToSort1-WMSAdapter,WMS => WCS,"9999,r2,csXNU5s7hJs,00000,dz-P-PSOLVE,ES0101,2026-05-29T05:30:39.799Z","Routing notification for csXNU5s7hJs (destinations: [ES0101], profile dz-P-PSOLVE). Destination: dz-P-PSOLVE, User: aft-ia, Tool: AFTInboundDirectorService (pre-notification)"
2026-05-29T05:30:38.222Z,05/28/2026 22:30:38.222,ReceiveSorter1-WMSAdapter,WCS => WMS,"31358,r4,csXNU5rsPXV,dz-P-PSOLVE,RC0104,SUCCESS,20260529053037.941",Diverted csXNU5rsPXV to destination RC0104 (requested dest. RC0104) with status SUCCESS
2026-05-29T05:30:27.094Z,05/28/2026 22:30:27.094,ReceiveSorter1-WMSAdapter,WCS => WMS,"31347,r1,csXNU5wg1VH,00000,dz-P-PSOLVE,None,20260529053027.091",Scanned csXNU5wg1VH (request ID 00000)
2026-05-29T05:30:23.920Z,05/28/2026 22:30:23.920,ReceiveSorter1-WMSAdapter,WCS => WMS,"31344,r1,csXNU5rsPXV,00000,dz-P-PSOLVE,None,20260529053023.917",Scanned csXNU5rsPXV (request ID 00000)
2026-05-29T05:30:10.032Z,05/28/2026 22:30:10.032,ReceiveSorter1-WMSAdapter,WCS => WMS,"31330,r4,csXNU5Hy7gf,dz-P-PSOLVE,RC0104,SUCCESS,20260529053009.765",Diverted csXNU5Hy7gf to destination RC0104 (requested dest. RC0104) with status SUCCESS
2026-05-29T05:30:03.254Z,05/28/2026 22:30:03.254,ReceiveSorter1-WMSAdapter,WMS => WCS,"9999,r2,csXNU5wg1VH,00000,dz-P-PSOLVE,RC0104,2026-05-29T05:30:03.210Z","Routing notification for csXNU5wg1VH (destinations: [RC0104], profile dz-P-PSOLVE). Destination: dz-P-PSOLVE, User: aft-ia, Tool: AFTInboundDirectorService (pre-notification)"
2026-05-29T05:30:03.241Z,05/28/2026 22:30:03.241,EachToSort1-WMSAdapter,WMS => WCS,"9999,r2,csXNU5wg1VH,00000,dz-P-PSOLVE,ES0101,2026-05-29T05:30:03.195Z","Routing notification for csXNU5wg1VH (destinations: [ES0101], profile dz-P-PSOLVE). Destination: dz-P-PSOLVE, User: aft-ia, Tool: AFTInboundDirectorService (pre-notification)"
2026-05-29T05:30:00.798Z,05/28/2026 22:30:00.798,ReceiveSorter1-WMSAdapter,WMS => WCS,"9999,r2,csXNU5rsPXV,00000,dz-P-PSOLVE,RC0104,2026-05-29T05:30:00.752Z","Routing notification for csXNU5rsPXV (destinations: [RC0104], profile dz-P-PSOLVE). Destination: dz-P-PSOLVE, User: aft-ia, Tool: AFTInboundDirectorService (pre-notification)"
2026-05-29T05:30:00.784Z,05/28/2026 22:30:00.784,EachToSort1-WMSAdapter,WMS => WCS,"9999,r2,csXNU5rsPXV,00000,dz-P-PSOLVE,ES0101,2026-05-29T05:30:00.731Z","Routing notification for csXNU5rsPXV (destinations: [ES0101], profile dz-P-PSOLVE). Destination: dz-P-PSOLVE, User: aft-ia, Tool: AFTInboundDirectorService (pre-notification)"
2026-05-29T05:29:55.605Z,05/28/2026 22:29:55.605,ReceiveSorter1-WMSAdapter,WCS => WMS,"31309,r1,csXNU5Hy7gf,00000,dz-P-PSOLVE,None,20260529052955.602",Scanned csXNU5Hy7gf (request ID 00000)
2026-05-29T05:29:29.774Z,05/28/2026 22:29:29.774,ReceiveSorter1-WMSAdapter,WMS => WCS,"9999,r2,csXNU5Hy7gf,00000,dz-P-PSOLVE,RC0104,2026-05-29T05:29:29.727Z","Routing notification for csXNU5Hy7gf (destinations: [RC0104], profile dz-P-PSOLVE). Destination: dz-P-PSOLVE, User: aft-ia, Tool: AFTInboundDirectorService (pre-notification)"
2026-05-29T05:29:29.759Z,05/28/2026 22:29:29.759,EachToSort1-WMSAdapter,WMS => WCS,"9999,r2,csXNU5Hy7gf,00000,dz-P-PSOLVE,ES0101,2026-05-29T05:29:29.709Z","Routing notification for csXNU5Hy7gf (destinations: [ES0101], profile dz-P-PSOLVE). Destination: dz-P-PSOLVE, User: aft-ia, Tool: AFTInboundDirectorService (pre-notification)"
2026-05-29T05:29:26.817Z,05/28/2026 22:29:26.817,ReceiveSorter1-WMSAdapter,WCS => WMS,"31273,r4,csXNU58dktQ,dz-P-PSOLVE,RC0104,LOST_CONTAINER,20260529052926.366",Diverted csXNU58dktQ to destination RC0104 (requested dest. RC0104) with status LOST_CONTAINER
2026-05-29T05:29:24.930Z,05/28/2026 22:29:24.930,EachToSort1-WMSAdapter,WCS => WMS,"13383,r4,csXNU5xx1dF,dz-P-PSOLVE,ES0101,SUCCESS,20260529052924.632",Diverted csXNU5xx1dF to destination ES0101 (requested dest. ES0101) with status SUCCESS
2026-05-29T05:29:18.654Z,05/28/2026 22:29:18.654,EachToSort1-WMSAdapter,WCS => WMS,"13381,r1,csXNU5xx1dF,00000,dz-P-PSOLVE,None,20260529052918.652",Scanned csXNU5xx1dF (request ID 00000)
2026-05-29T05:29:16.044Z,05/28/2026 22:29:16.044,EachToSort1-WMSAdapter,WCS => WMS,"13379,r4,csXNU5dTqXW,dz-P-PSOLVE,ES0101,SUCCESS,20260529052915.754",Diverted csXNU5dTqXW to destination ES0101 (requested dest. ES0101) with status SUCCESS
2026-05-29T05:29:13.769Z,05/28/2026 22:29:13.769,ReceiveSorter1-WMSAdapter,WCS => WMS,"31264,r1,csXNU58dktQ,00000,dz-P-PSOLVE,None,20260529052913.766",Scanned csXNU58dktQ (request ID 00000)
2026-05-29T05:29:09.764Z,05/28/2026 22:29:09.764,EachToSort1-WMSAdapter,WCS => WMS,"13374,r1,csXNU5dTqXW,00000,dz-P-PSOLVE,None,20260529052909.761",Scanned csXNU5dTqXW (request ID 00000)
2026-05-29T05:28:51.295Z,05/28/2026 22:28:51.295,ReceiveSorter1-WMSAdapter,WMS => WCS,"9999,r2,csXNU58dktQ,00000,dz-P-PSOLVE,RC0104,2026-05-29T05:28:51.249Z","Routing notification for csXNU58dktQ (destinations: [RC0104], profile dz-P-PSOLVE). Destination: dz-P-PSOLVE, User: aft-ia, Tool: AFTInboundDirectorService (pre-notification)"
2026-05-29T05:28:51.280Z,05/28/2026 22:28:51.280,EachToSort1-WMSAdapter,WMS => WCS,"9999,r2,csXNU58dktQ,00000,dz-P-PSOLVE,ES0101,2026-05-29T05:28:51.236Z","Routing notification for csXNU58dktQ (destinations: [ES0101], profile dz-P-PSOLVE). Destination: dz-P-PSOLVE, User: aft-ia, Tool: AFTInboundDirectorService (pre-notification)"
2026-05-29T05:28:26.918Z,05/28/2026 22:28:26.918,ReceiveSorter1-WMSAdapter,WMS => WCS,"9999,r2,csXNU5KH1FJ,00000,dz-P-PSOLVE,RC0104,2026-05-29T05:28:26.873Z","Routing notification for csXNU5KH1FJ (destinations: [RC0104], profile dz-P-PSOLVE). Destination: dz-P-PSOLVE, User: aft-ia, Tool: AFTInboundDirectorService (pre-notification)"
2026-05-29T05:28:26.905Z,05/28/2026 22:28:26.905,EachToSort1-WMSAdapter,WMS => WCS,"9999,r2,csXNU5KH1FJ,00000,dz-P-PSOLVE,ES0101,2026-05-29T05:28:26.859Z","Routing notification for csXNU5KH1FJ (destinations: [ES0101], profile dz-P-PSOLVE). Destination: dz-P-PSOLVE, User: aft-ia, Tool: AFTInboundDirectorService (pre-notification)"
2026-05-29T05:22:56.286Z,05/28/2026 22:22:56.286,ReceiveSorter1-WMSAdapter,WMS => WCS,"9999,r2,csXNU5LqTh9,00000,dz-P-PSOLVE,RC0104,2026-05-29T05:22:56.242Z","Routing notification for csXNU5LqTh9 (destinations: [RC0104], profile dz-P-PSOLVE). Destination: dz-P-PSOLVE, User: aft-ia, Tool: AFTInboundDirectorService (pre-notification)"
2026-05-29T05:22:56.273Z,05/28/2026 22:22:56.273,EachToSort1-WMSAdapter,WMS => WCS,"9999,r2,csXNU5LqTh9,00000,dz-P-PSOLVE,ES0101,2026-05-29T05:22:56.220Z","Routing notification for csXNU5LqTh9 (destinations: [ES0101], profile dz-P-PSOLVE). Destination: dz-P-PSOLVE, User: aft-ia, Tool: AFTInboundDirectorService (pre-notification)"
2026-05-29T05:22:19.285Z,05/28/2026 22:22:19.285,ReceiveSorter1-WMSAdapter,WCS => WMS,"31230,r4,csXNU52J5vh,dz-P-PSOLVE,RC0104,SUCCESS,20260529052219.001",Diverted csXNU52J5vh to destination RC0104 (requested dest. RC0104) with status SUCCESS
2026-05-29T05:22:12.594Z,05/28/2026 22:22:12.594,ReceiveSorter1-WMSAdapter,WMS => WCS,"9999,r2,csXNU5Bkw8f,00000,dz-P-PSOLVE,RC0104,2026-05-29T05:22:12.549Z","Routing notification for csXNU5Bkw8f (destinations: [RC0104], profile dz-P-PSOLVE). Destination: dz-P-PSOLVE, User: aft-ia, Tool: AFTInboundDirectorService (pre-notification)"
2026-05-29T05:22:12.581Z,05/28/2026 22:22:12.581,EachToSort1-WMSAdapter,WMS => WCS,"9999,r2,csXNU5Bkw8f,00000,dz-P-PSOLVE,ES0101,2026-05-29T05:22:12.524Z","Routing notification for csXNU5Bkw8f (destinations: [ES0101], profile dz-P-PSOLVE). Destination: dz-P-PSOLVE, User: aft-ia, Tool: AFTInboundDirectorService (pre-notification)"
2026-05-29T05:22:04.933Z,05/28/2026 22:22:04.933,ReceiveSorter1-WMSAdapter,WCS => WMS,"31212,r1,csXNU52J5vh,00000,dz-P-PSOLVE,None,20260529052204.930",Scanned csXNU52J5vh (request ID 00000)
2026-05-29T05:16:22.797Z,05/28/2026 22:16:22.797,ReceiveSorter1-WMSAdapter,WMS => WCS,"9999,r2,csXNU5R2rN7,00000,dz-P-PSOLVE,RC0104,2026-05-29T05:16:22.752Z","Routing notification for csXNU5R2rN7 (destinations: [RC0104], profile dz-P-PSOLVE). Destination: dz-P-PSOLVE, User: aft-ia, Tool: AFTInboundDirectorService (pre-notification)"
2026-05-29T05:16:22.784Z,05/28/2026 22:16:22.784,EachToSort1-WMSAdapter,WMS => WCS,"9999,r2,csXNU5R2rN7,00000,dz-P-PSOLVE,ES0101,2026-05-29T05:16:22.731Z","Routing notification for csXNU5R2rN7 (destinations: [ES0101], profile dz-P-PSOLVE). Destination: dz-P-PSOLVE, User: aft-ia, Tool: AFTInboundDirectorService (pre-notification)"
2026-05-29T05:15:38.364Z,05/28/2026 22:15:38.364,ReceiveSorter1-WMSAdapter,WMS => WCS,"9999,r2,csXNU5yMw8k,00000,dz-P-PSOLVE,RC0104,2026-05-29T05:15:38.318Z","Routing notification for csXNU5yMw8k (destinations: [RC0104], profile dz-P-PSOLVE). Destination: dz-P-PSOLVE, User: aft-ia, Tool: AFTInboundDirectorService (pre-notification)"
2026-05-29T05:15:38.351Z,05/28/2026 22:15:38.351,EachToSort1-WMSAdapter,WMS => WCS,"9999,r2,csXNU5yMw8k,00000,dz-P-PSOLVE,ES0101,2026-05-29T05:15:38.302Z","Routing notification for csXNU5yMw8k (destinations: [ES0101], profile dz-P-PSOLVE). Destination: dz-P-PSOLVE, User: aft-ia, Tool: AFTInboundDirectorService (pre-notification)"
2026-05-29T05:14:43.059Z,05/28/2026 22:14:43.059,ReceiveSorter1-WMSAdapter,WCS => WMS,"31193,r4,csXNU5xx1dF,dz-P-PSOLVE,RC0104,SUCCESS,20260529051442.758",Diverted csXNU5xx1dF to destination RC0104 (requested dest. RC0104) with status SUCCESS
2026-05-29T05:14:34.873Z,05/28/2026 22:14:34.873,ReceiveSorter1-WMSAdapter,WMS => WCS,"9999,r2,csXNU5MhmBn,00000,dz-P-PSOLVE,RC0104,2026-05-29T05:14:34.826Z","Routing notification for csXNU5MhmBn (destinations: [RC0104], profile dz-P-PSOLVE). Destination: dz-P-PSOLVE, User: aft-ia, Tool: AFTInboundDirectorService (pre-notification)"
2026-05-29T05:14:34.858Z,05/28/2026 22:14:34.858,EachToSort1-WMSAdapter,WMS => WCS,"9999,r2,csXNU5MhmBn,00000,dz-P-PSOLVE,ES0101,2026-05-29T05:14:34.813Z","Routing notification for csXNU5MhmBn (destinations: [ES0101], profile dz-P-PSOLVE). Destination: dz-P-PSOLVE, User: aft-ia, Tool: AFTInboundDirectorService (pre-notification)"
2026-05-29T05:14:34.553Z,05/28/2026 22:14:34.553,ReceiveSorter1-WMSAdapter,WCS => WMS,"31183,r4,csXNU5dTqXW,dz-P-PSOLVE,RC0104,SUCCESS,20260529051434.249",Diverted csXNU5dTqXW to destination RC0104 (requested dest. RC0104) with status SUCCESS
2026-05-29T05:14:32.971Z,05/28/2026 22:14:32.971,ReceiveSorter1-WMSAdapter,WMS => WCS,"9999,r2,csXNU52J5vh,00000,dz-P-PSOLVE,RC0104,2026-05-29T05:14:32.925Z","Routing notification for csXNU52J5vh (destinations: [RC0104], profile dz-P-PSOLVE). Destination: dz-P-PSOLVE, User: aft-ia, Tool: AFTInboundDirectorService (pre-notification)"
2026-05-29T05:14:32.957Z,05/28/2026 22:14:32.957,EachToSort1-WMSAdapter,WMS => WCS,"9999,r2,csXNU52J5vh,00000,dz-P-PSOLVE,ES0101,2026-05-29T05:14:32.903Z","Routing notification for csXNU52J5vh (destinations: [ES0101], profile dz-P-PSOLVE). Destination: dz-P-PSOLVE, User: aft-ia, Tool: AFTInboundDirectorService (pre-notification)"
2026-05-29T05:14:28.712Z,05/28/2026 22:14:28.712,ReceiveSorter1-WMSAdapter,WCS => WMS,"31176,r1,csXNU5xx1dF,00000,dz-P-PSOLVE,None,20260529051428.709",Scanned csXNU5xx1dF (request ID 00000)
2026-05-29T05:14:20.177Z,05/28/2026 22:14:20.177,ReceiveSorter1-WMSAdapter,WCS => WMS,"31169,r1,csXNU5dTqXW,00000,dz-P-PSOLVE,None,20260529051420.174",Scanned csXNU5dTqXW (request ID 00000)
2026-05-29T05:14:05.933Z,05/28/2026 22:14:05.933,ReceiveSorter1-WMSAdapter,WMS => WCS,"9999,r2,csXNU5xx1dF,00000,dz-P-PSOLVE,RC0104,2026-05-29T05:14:05.885Z","Routing notification for csXNU5xx1dF (destinations: [RC0104], profile dz-P-PSOLVE). Destination: dz-P-PSOLVE, User: aft-ia, Tool: AFTInboundDirectorService (pre-notification)"
2026-05-29T05:14:05.917Z,05/28/2026 22:14:05.917,EachToSort1-WMSAdapter,WMS => WCS,"9999,r2,csXNU5xx1dF,00000,dz-P-PSOLVE,ES0101,2026-05-29T05:14:05.864Z","Routing notification for csXNU5xx1dF (destinations: [ES0101], profile dz-P-PSOLVE). Destination: dz-P-PSOLVE, User: aft-ia, Tool: AFTInboundDirectorService (pre-notification)"
2026-05-29T05:13:58.397Z,05/28/2026 22:13:58.397,ReceiveSorter1-WMSAdapter,WMS => WCS,"9999,r2,csXNU5dTqXW,00000,dz-P-PSOLVE,RC0104,2026-05-29T05:13:58.351Z","Routing notification for csXNU5dTqXW (destinations: [RC0104], profile dz-P-PSOLVE). Destination: dz-P-PSOLVE, User: aft-ia, Tool: AFTInboundDirectorService (pre-notification)"
2026-05-29T05:13:58.383Z,05/28/2026 22:13:58.383,EachToSort1-WMSAdapter,WMS => WCS,"9999,r2,csXNU5dTqXW,00000,dz-P-PSOLVE,ES0101,2026-05-29T05:13:58.332Z","Routing notification for csXNU5dTqXW (destinations: [ES0101], profile dz-P-PSOLVE). Destination: dz-P-PSOLVE, User: aft-ia, Tool: AFTInboundDirectorService (pre-notification)"
2026-05-29T05:13:25.634Z,05/28/2026 22:13:25.634,ReceiveSorter1-WMSAdapter,WMS => WCS,"9999,r2,csXNU56yHj3,00000,dz-P-PSOLVE,RC0104,2026-05-29T05:13:25.588Z","Routing notification for csXNU56yHj3 (destinations: [RC0104], profile dz-P-PSOLVE). Destination: dz-P-PSOLVE, User: aft-ia, Tool: AFTInboundDirectorService (pre-notification)"
2026-05-29T05:13:25.620Z,05/28/2026 22:13:25.620,EachToSort1-WMSAdapter,WMS => WCS,"9999,r2,csXNU56yHj3,00000,dz-P-PSOLVE,ES0101,2026-05-29T05:13:25.574Z","Routing notification for csXNU56yHj3 (destinations: [ES0101], profile dz-P-PSOLVE). Destination: dz-P-PSOLVE, User: aft-ia, Tool: AFTInboundDirectorService (pre-notification)"